"","actor","subject","date","crowd","displace","total.DC","period","days"
"1","BBG","BRB","2020-03-22",0,3,3,"per0","first"
"2","BBG","GBG","2020-03-22",0,1,1,"per0","first"
"3","BBG","GGG","2020-03-22",0,5,5,"per0","first"
"4","BBG","GRG","2020-03-22",0,1,1,"per0","first"
"5","BBG","RRR","2020-03-22",0,1,1,"per0","first"
"6","BGB","BBR","2020-03-22",0,1,1,"per0","first"
"7","BRB","BBR","2020-03-22",0,1,1,"per0","first"
"8","BRB","GGG","2020-03-22",0,1,1,"per0","first"
"9","BRB","GGR","2020-03-22",0,1,1,"per0","first"
"10","BRR","BBB","2020-03-22",1,5,6,"per0","first"
"11","BRR","BBR","2020-03-22",1,0,1,"per0","first"
"12","BRR","BGG","2020-03-22",0,4,4,"per0","first"
"13","BRR","BRB","2020-03-22",1,0,1,"per0","first"
"14","BRR","RBG","2020-03-22",0,1,1,"per0","first"
"15","GBB","BBB","2020-03-22",0,22,22,"per0","first"
"16","GBB","BGB","2020-03-22",0,1,1,"per0","first"
"17","GBB","BRB","2020-03-22",0,1,1,"per0","first"
"18","GBB","GBG","2020-03-22",1,0,1,"per0","first"
"19","GBB","GGB","2020-03-22",0,9,9,"per0","first"
"20","GBB","GGG","2020-03-22",1,36,37,"per0","first"
"21","GBB","GGR","2020-03-22",0,1,1,"per0","first"
"22","GBB","GRG","2020-03-22",1,0,1,"per0","first"
"23","GBB","GRR","2020-03-22",0,3,3,"per0","first"
"24","GBG","BBB","2020-03-22",1,1,2,"per0","first"
"25","GBG","BRB","2020-03-22",0,1,1,"per0","first"
"26","GBG","GGB","2020-03-22",0,2,2,"per0","first"
"27","GBG","GGG","2020-03-22",0,2,2,"per0","first"
"28","GBG","GRR","2020-03-22",0,1,1,"per0","first"
"29","GBG","RBG","2020-03-22",0,1,1,"per0","first"
"30","GBG","RBR","2020-03-22",0,2,2,"per0","first"
"31","GBG","RRR","2020-03-22",0,2,2,"per0","first"
"32","GGB","BBB","2020-03-22",0,2,2,"per0","first"
"33","GGB","BGB","2020-03-22",0,1,1,"per0","first"
"34","GGB","BRB","2020-03-22",0,2,2,"per0","first"
"35","GGB","BRR","2020-03-22",1,3,4,"per0","first"
"36","GGB","GGG","2020-03-22",2,21,23,"per0","first"
"37","GGB","GGR","2020-03-22",0,5,5,"per0","first"
"38","GGB","GRR","2020-03-22",0,1,1,"per0","first"
"39","GGB","RBR","2020-03-22",0,3,3,"per0","first"
"40","GGB","RGR","2020-03-22",0,1,1,"per0","first"
"41","GGB","RRG","2020-03-22",0,1,1,"per0","first"
"42","GGB","RRR","2020-03-22",0,1,1,"per0","first"
"43","GGG","BBB","2020-03-22",0,18,18,"per0","first"
"44","GGG","BBR","2020-03-22",1,2,3,"per0","first"
"45","GGG","BGG","2020-03-22",1,3,4,"per0","first"
"46","GGG","BRR","2020-03-22",0,3,3,"per0","first"
"47","GGG","GGR","2020-03-22",0,6,6,"per0","first"
"48","GGG","GRG","2020-03-22",0,1,1,"per0","first"
"49","GGG","GRR","2020-03-22",0,1,1,"per0","first"
"50","GGG","RBB","2020-03-22",0,2,2,"per0","first"
"51","GGG","RBG","2020-03-22",0,1,1,"per0","first"
"52","GGG","RBR","2020-03-22",0,4,4,"per0","first"
"53","GGG","RGG","2020-03-22",0,1,1,"per0","first"
"54","GGG","RGR","2020-03-22",0,1,1,"per0","first"
"55","GGG","RRG","2020-03-22",1,0,1,"per0","first"
"56","GGG","RRR","2020-03-22",0,2,2,"per0","first"
"57","GGR","GGB","2020-03-22",0,1,1,"per0","first"
"58","GRG","BBB","2020-03-22",1,1,2,"per0","first"
"59","GRG","BGB","2020-03-22",0,1,1,"per0","first"
"60","GRG","GGB","2020-03-22",0,4,4,"per0","first"
"61","GRG","GGG","2020-03-22",0,3,3,"per0","first"
"62","GRG","GGR","2020-03-22",0,1,1,"per0","first"
"63","GRG","GRR","2020-03-22",0,1,1,"per0","first"
"64","GRG","RBR","2020-03-22",0,1,1,"per0","first"
"65","GRG","RGG","2020-03-22",0,1,1,"per0","first"
"66","GRG","RRG","2020-03-22",0,2,2,"per0","first"
"67","GRR","BBB","2020-03-22",0,2,2,"per0","first"
"68","GRR","BBR","2020-03-22",0,2,2,"per0","first"
"69","GRR","BGG","2020-03-22",1,0,1,"per0","first"
"70","GRR","BRB","2020-03-22",0,1,1,"per0","first"
"71","GRR","GGG","2020-03-22",0,1,1,"per0","first"
"72","GRR","GGR","2020-03-22",0,1,1,"per0","first"
"73","GRR","RGG","2020-03-22",0,2,2,"per0","first"
"74","GRR","RRR","2020-03-22",0,1,1,"per0","first"
"75","RBG","BGB","2020-03-22",0,1,1,"per0","first"
"76","RBG","BGG","2020-03-22",0,1,1,"per0","first"
"77","RBG","RBB","2020-03-22",0,1,1,"per0","first"
"78","RBR","BBB","2020-03-22",0,4,4,"per0","first"
"79","RBR","BBR","2020-03-22",1,0,1,"per0","first"
"80","RBR","BGB","2020-03-22",0,2,2,"per0","first"
"81","RBR","BRR","2020-03-22",0,2,2,"per0","first"
"82","RBR","GRR","2020-03-22",2,16,18,"per0","first"
"83","RBR","RBB","2020-03-22",0,1,1,"per0","first"
"84","RBR","RGG","2020-03-22",0,1,1,"per0","first"
"85","RBR","RGR","2020-03-22",0,1,1,"per0","first"
"86","RGG","BBR","2020-03-22",0,2,2,"per0","first"
"87","RGG","RGR","2020-03-22",0,3,3,"per0","first"
"88","RGR","BBB","2020-03-22",0,2,2,"per0","first"
"89","RGR","BBR","2020-03-22",0,1,1,"per0","first"
"90","RGR","BGB","2020-03-22",2,5,7,"per0","first"
"91","RGR","BRB","2020-03-22",0,1,1,"per0","first"
"92","RGR","BRR","2020-03-22",0,5,5,"per0","first"
"93","RGR","GGB","2020-03-22",1,0,1,"per0","first"
"94","RGR","GRR","2020-03-22",0,1,1,"per0","first"
"95","RRG","GGR","2020-03-22",0,1,1,"per0","first"
"96","RRG","GRR","2020-03-22",0,2,2,"per0","first"
"97","RRG","RGG","2020-03-22",0,1,1,"per0","first"
"98","RRG","RGR","2020-03-22",4,35,39,"per0","first"
"99","RRR","BBR","2020-03-22",0,2,2,"per0","first"
"100","RRR","BGG","2020-03-22",0,2,2,"per0","first"
"101","RRR","BRB","2020-03-22",0,1,1,"per0","first"
"102","RRR","BRR","2020-03-22",0,3,3,"per0","first"
"103","RRR","GGR","2020-03-22",0,6,6,"per0","first"
"104","RRR","GRR","2020-03-22",0,1,1,"per0","first"
"105","RRR","RBB","2020-03-22",0,3,3,"per0","first"
"106","RRR","RBR","2020-03-22",1,1,2,"per0","first"
"107","RRR","RGG","2020-03-22",0,1,1,"per0","first"
"108","RRR","RRG","2020-03-22",0,2,2,"per0","first"
"109","BBB","BRR","2020-03-23",0,1,1,"per0","first"
"110","BBB","GGG","2020-03-23",0,2,2,"per0","first"
"111","BBB","GRR","2020-03-23",0,1,1,"per0","first"
"112","BBG","BBB","2020-03-23",1,0,1,"per0","first"
"113","BBG","BGG","2020-03-23",0,1,1,"per0","first"
"114","BBG","BRB","2020-03-23",0,4,4,"per0","first"
"115","BBG","BRR","2020-03-23",0,1,1,"per0","first"
"116","BBG","GBG","2020-03-23",0,2,2,"per0","first"
"117","BBG","GGB","2020-03-23",0,6,6,"per0","first"
"118","BBG","GGG","2020-03-23",0,9,9,"per0","first"
"119","BBG","GGR","2020-03-23",0,1,1,"per0","first"
"120","BBG","GRG","2020-03-23",0,2,2,"per0","first"
"121","BBG","GRR","2020-03-23",0,1,1,"per0","first"
"122","BBG","RBB","2020-03-23",0,1,1,"per0","first"
"123","BBG","RRR","2020-03-23",0,1,1,"per0","first"
"124","BBR","BBB","2020-03-23",0,1,1,"per0","first"
"125","BGB","GRR","2020-03-23",0,1,1,"per0","first"
"126","BGG","BBR","2020-03-23",0,1,1,"per0","first"
"127","BGG","BGB","2020-03-23",1,0,1,"per0","first"
"128","BRB","BBB","2020-03-23",2,1,3,"per0","first"
"129","BRB","BBR","2020-03-23",0,1,1,"per0","first"
"130","BRB","GGG","2020-03-23",0,2,2,"per0","first"
"131","BRB","GRR","2020-03-23",0,1,1,"per0","first"
"132","BRR","BBB","2020-03-23",0,4,4,"per0","first"
"133","BRR","BBR","2020-03-23",1,0,1,"per0","first"
"134","BRR","BRB","2020-03-23",0,2,2,"per0","first"
"135","BRR","RBB","2020-03-23",0,1,1,"per0","first"
"136","GBB","BBB","2020-03-23",2,8,10,"per0","first"
"137","GBB","BBR","2020-03-23",0,1,1,"per0","first"
"138","GBB","BGG","2020-03-23",0,1,1,"per0","first"
"139","GBB","BRB","2020-03-23",0,1,1,"per0","first"
"140","GBB","BRR","2020-03-23",0,7,7,"per0","first"
"141","GBB","GGB","2020-03-23",0,9,9,"per0","first"
"142","GBB","GGG","2020-03-23",0,35,35,"per0","first"
"143","GBB","GGR","2020-03-23",0,1,1,"per0","first"
"144","GBB","GRG","2020-03-23",0,2,2,"per0","first"
"145","GBB","GRR","2020-03-23",0,1,1,"per0","first"
"146","GBB","RBG","2020-03-23",1,4,5,"per0","first"
"147","GBG","BBB","2020-03-23",1,3,4,"per0","first"
"148","GBG","BGB","2020-03-23",0,1,1,"per0","first"
"149","GBG","BRB","2020-03-23",0,4,4,"per0","first"
"150","GBG","BRR","2020-03-23",0,1,1,"per0","first"
"151","GBG","GGB","2020-03-23",0,1,1,"per0","first"
"152","GBG","GGG","2020-03-23",0,3,3,"per0","first"
"153","GBG","GRR","2020-03-23",0,3,3,"per0","first"
"154","GBG","RBB","2020-03-23",0,1,1,"per0","first"
"155","GBG","RBG","2020-03-23",1,1,2,"per0","first"
"156","GBG","RGG","2020-03-23",0,1,1,"per0","first"
"157","GBG","RGR","2020-03-23",0,3,3,"per0","first"
"158","GBG","RRR","2020-03-23",1,0,1,"per0","first"
"159","GGB","BBB","2020-03-23",2,3,5,"per0","first"
"160","GGB","BBR","2020-03-23",0,1,1,"per0","first"
"161","GGB","BGB","2020-03-23",1,0,1,"per0","first"
"162","GGB","BRB","2020-03-23",0,1,1,"per0","first"
"163","GGB","BRR","2020-03-23",0,3,3,"per0","first"
"164","GGB","GGG","2020-03-23",3,25,28,"per0","first"
"165","GGB","GGR","2020-03-23",0,2,2,"per0","first"
"166","GGB","GRR","2020-03-23",1,1,2,"per0","first"
"167","GGB","RGG","2020-03-23",0,2,2,"per0","first"
"168","GGB","RRG","2020-03-23",0,1,1,"per0","first"
"169","GGG","BBB","2020-03-23",3,9,12,"per0","first"
"170","GGG","BGG","2020-03-23",0,4,4,"per0","first"
"171","GGG","BRR","2020-03-23",0,4,4,"per0","first"
"172","GGG","GGR","2020-03-23",0,4,4,"per0","first"
"173","GGG","RBB","2020-03-23",0,2,2,"per0","first"
"174","GGG","RBG","2020-03-23",0,2,2,"per0","first"
"175","GGG","RGR","2020-03-23",0,1,1,"per0","first"
"176","GGG","RRG","2020-03-23",0,1,1,"per0","first"
"177","GGG","RRR","2020-03-23",0,3,3,"per0","first"
"178","GGR","RRR","2020-03-23",0,1,1,"per0","first"
"179","GRG","BBB","2020-03-23",0,1,1,"per0","first"
"180","GRG","BBR","2020-03-23",0,1,1,"per0","first"
"181","GRG","BGB","2020-03-23",1,1,2,"per0","first"
"182","GRG","BRB","2020-03-23",0,3,3,"per0","first"
"183","GRG","BRR","2020-03-23",0,1,1,"per0","first"
"184","GRG","GGB","2020-03-23",0,10,10,"per0","first"
"185","GRG","GGG","2020-03-23",1,5,6,"per0","first"
"186","GRG","GRR","2020-03-23",1,2,3,"per0","first"
"187","GRG","RBR","2020-03-23",0,1,1,"per0","first"
"188","GRG","RGG","2020-03-23",1,1,2,"per0","first"
"189","GRG","RRG","2020-03-23",0,1,1,"per0","first"
"190","GRG","RRR","2020-03-23",0,1,1,"per0","first"
"191","GRR","BGB","2020-03-23",0,1,1,"per0","first"
"192","GRR","BRB","2020-03-23",0,4,4,"per0","first"
"193","GRR","BRR","2020-03-23",0,3,3,"per0","first"
"194","GRR","GGG","2020-03-23",0,1,1,"per0","first"
"195","GRR","RRR","2020-03-23",0,1,1,"per0","first"
"196","RBG","RBR","2020-03-23",0,1,1,"per0","first"
"197","RBR","BBB","2020-03-23",0,1,1,"per0","first"
"198","RBR","BBR","2020-03-23",0,1,1,"per0","first"
"199","RBR","BRB","2020-03-23",1,0,1,"per0","first"
"200","RBR","BRR","2020-03-23",0,5,5,"per0","first"
"201","RBR","GRR","2020-03-23",0,1,1,"per0","first"
"202","RBR","RGG","2020-03-23",0,2,2,"per0","first"
"203","RGG","BBR","2020-03-23",0,4,4,"per0","first"
"204","RGR","BBR","2020-03-23",0,2,2,"per0","first"
"205","RGR","BGB","2020-03-23",0,2,2,"per0","first"
"206","RGR","BRB","2020-03-23",0,5,5,"per0","first"
"207","RGR","BRR","2020-03-23",0,1,1,"per0","first"
"208","RGR","GGR","2020-03-23",0,1,1,"per0","first"
"209","RGR","RBR","2020-03-23",0,1,1,"per0","first"
"210","RGR","RGG","2020-03-23",0,1,1,"per0","first"
"211","RGR","RRG","2020-03-23",0,8,8,"per0","first"
"212","RRG","BBB","2020-03-23",0,1,1,"per0","first"
"213","RRG","BBR","2020-03-23",2,1,3,"per0","first"
"214","RRG","BGB","2020-03-23",1,4,5,"per0","first"
"215","RRG","GRR","2020-03-23",0,4,4,"per0","first"
"216","RRG","RGG","2020-03-23",0,1,1,"per0","first"
"217","RRG","RGR","2020-03-23",0,8,8,"per0","first"
"218","RRR","BBB","2020-03-23",0,1,1,"per0","first"
"219","RRR","BRB","2020-03-23",0,2,2,"per0","first"
"220","RRR","BRR","2020-03-23",0,2,2,"per0","first"
"221","RRR","RBB","2020-03-23",0,1,1,"per0","first"
"222","RRR","RBR","2020-03-23",0,1,1,"per0","first"
"223","RRR","RGG","2020-03-23",0,1,1,"per0","first"
"224","RRR","RGR","2020-03-23",0,3,3,"per0","first"
"225","RRR","RRG","2020-03-23",0,1,1,"per0","first"
"226","BBB","GGG","2020-03-24",0,2,2,"per0","first"
"227","BBG","BBB","2020-03-24",0,1,1,"per0","first"
"228","BBG","BGG","2020-03-24",0,1,1,"per0","first"
"229","BBG","BRB","2020-03-24",0,1,1,"per0","first"
"230","BBG","GGB","2020-03-24",0,4,4,"per0","first"
"231","BBG","GGG","2020-03-24",0,14,14,"per0","first"
"232","BBG","RBB","2020-03-24",0,1,1,"per0","first"
"233","BGB","BBR","2020-03-24",0,3,3,"per0","first"
"234","BGG","BBB","2020-03-24",0,1,1,"per0","first"
"235","BRB","BBB","2020-03-24",0,3,3,"per0","first"
"236","BRB","BGG","2020-03-24",0,1,1,"per0","first"
"237","BRB","GGB","2020-03-24",0,1,1,"per0","first"
"238","BRB","RBB","2020-03-24",0,2,2,"per0","first"
"239","BRB","RBG","2020-03-24",0,1,1,"per0","first"
"240","BRB","RGG","2020-03-24",1,0,1,"per0","first"
"241","BRR","BBB","2020-03-24",0,1,1,"per0","first"
"242","BRR","BGB","2020-03-24",0,1,1,"per0","first"
"243","GBB","BBB","2020-03-24",0,13,13,"per0","first"
"244","GBB","BRB","2020-03-24",1,4,5,"per0","first"
"245","GBB","BRR","2020-03-24",0,2,2,"per0","first"
"246","GBB","GGB","2020-03-24",0,9,9,"per0","first"
"247","GBB","GGG","2020-03-24",2,75,77,"per0","first"
"248","GBB","GRG","2020-03-24",0,2,2,"per0","first"
"249","GBB","RRG","2020-03-24",0,1,1,"per0","first"
"250","GBG","BBB","2020-03-24",0,1,1,"per0","first"
"251","GBG","BRB","2020-03-24",0,3,3,"per0","first"
"252","GBG","GGB","2020-03-24",0,1,1,"per0","first"
"253","GBG","GGG","2020-03-24",1,6,7,"per0","first"
"254","GBG","GRR","2020-03-24",0,2,2,"per0","first"
"255","GBG","RBB","2020-03-24",0,2,2,"per0","first"
"256","GBG","RBG","2020-03-24",0,1,1,"per0","first"
"257","GBG","RRG","2020-03-24",0,1,1,"per0","first"
"258","GGB","BBB","2020-03-24",0,9,9,"per0","first"
"259","GGB","BBR","2020-03-24",0,1,1,"per0","first"
"260","GGB","BGB","2020-03-24",2,3,5,"per0","first"
"261","GGB","BGG","2020-03-24",0,2,2,"per0","first"
"262","GGB","BRB","2020-03-24",1,2,3,"per0","first"
"263","GGB","BRR","2020-03-24",0,3,3,"per0","first"
"264","GGB","GGG","2020-03-24",12,37,49,"per0","first"
"265","GGB","GGR","2020-03-24",0,4,4,"per0","first"
"266","GGB","RBB","2020-03-24",0,1,1,"per0","first"
"267","GGB","RBG","2020-03-24",0,1,1,"per0","first"
"268","GGB","RGG","2020-03-24",0,1,1,"per0","first"
"269","GGB","RRG","2020-03-24",0,4,4,"per0","first"
"270","GGB","RRR","2020-03-24",3,2,5,"per0","first"
"271","GGG","BBB","2020-03-24",1,20,21,"per0","first"
"272","GGG","BBR","2020-03-24",1,0,1,"per0","first"
"273","GGG","BGB","2020-03-24",0,3,3,"per0","first"
"274","GGG","BGG","2020-03-24",0,7,7,"per0","first"
"275","GGG","BRR","2020-03-24",0,2,2,"per0","first"
"276","GGG","GGB","2020-03-24",3,0,3,"per0","first"
"277","GGG","GGR","2020-03-24",0,4,4,"per0","first"
"278","GGG","RBB","2020-03-24",0,6,6,"per0","first"
"279","GGG","RBG","2020-03-24",0,3,3,"per0","first"
"280","GGG","RBR","2020-03-24",0,1,1,"per0","first"
"281","GGG","RGG","2020-03-24",0,6,6,"per0","first"
"282","GGG","RGR","2020-03-24",0,1,1,"per0","first"
"283","GGG","RRG","2020-03-24",1,3,4,"per0","first"
"284","GGG","RRR","2020-03-24",0,5,5,"per0","first"
"285","GRG","BBR","2020-03-24",0,1,1,"per0","first"
"286","GRG","BGG","2020-03-24",0,1,1,"per0","first"
"287","GRG","BRB","2020-03-24",1,7,8,"per0","first"
"288","GRG","GGB","2020-03-24",1,10,11,"per0","first"
"289","GRG","GGG","2020-03-24",1,8,9,"per0","first"
"290","GRG","GRR","2020-03-24",0,5,5,"per0","first"
"291","GRG","RBB","2020-03-24",0,1,1,"per0","first"
"292","GRG","RBG","2020-03-24",0,3,3,"per0","first"
"293","GRG","RBR","2020-03-24",0,2,2,"per0","first"
"294","GRR","BBB","2020-03-24",0,1,1,"per0","first"
"295","GRR","BBR","2020-03-24",1,1,2,"per0","first"
"296","GRR","BGB","2020-03-24",0,2,2,"per0","first"
"297","GRR","BRB","2020-03-24",0,1,1,"per0","first"
"298","GRR","GGG","2020-03-24",1,0,1,"per0","first"
"299","GRR","RGG","2020-03-24",0,5,5,"per0","first"
"300","GRR","RRR","2020-03-24",0,1,1,"per0","first"
"301","RBG","RBR","2020-03-24",0,9,9,"per0","first"
"302","RBG","RGR","2020-03-24",0,7,7,"per0","first"
"303","RBR","BBB","2020-03-24",0,2,2,"per0","first"
"304","RBR","BBR","2020-03-24",0,4,4,"per0","first"
"305","RBR","BGB","2020-03-24",0,2,2,"per0","first"
"306","RBR","GGR","2020-03-24",0,2,2,"per0","first"
"307","RBR","GRR","2020-03-24",0,9,9,"per0","first"
"308","RBR","RBB","2020-03-24",0,1,1,"per0","first"
"309","RBR","RGG","2020-03-24",0,3,3,"per0","first"
"310","RBR","RRG","2020-03-24",0,2,2,"per0","first"
"311","RGG","BBR","2020-03-24",0,1,1,"per0","first"
"312","RGG","BGB","2020-03-24",1,0,1,"per0","first"
"313","RGG","BRB","2020-03-24",0,1,1,"per0","first"
"314","RGR","BBR","2020-03-24",0,3,3,"per0","first"
"315","RGR","BGB","2020-03-24",1,0,1,"per0","first"
"316","RGR","BGG","2020-03-24",1,1,2,"per0","first"
"317","RGR","BRB","2020-03-24",0,1,1,"per0","first"
"318","RGR","BRR","2020-03-24",0,2,2,"per0","first"
"319","RGR","GRR","2020-03-24",1,0,1,"per0","first"
"320","RGR","RBB","2020-03-24",1,5,6,"per0","first"
"321","RGR","RGG","2020-03-24",0,2,2,"per0","first"
"322","RGR","RRG","2020-03-24",0,3,3,"per0","first"
"323","RRG","BBB","2020-03-24",0,2,2,"per0","first"
"324","RRG","BBR","2020-03-24",0,1,1,"per0","first"
"325","RRG","BGB","2020-03-24",0,1,1,"per0","first"
"326","RRG","BGG","2020-03-24",0,1,1,"per0","first"
"327","RRG","GRR","2020-03-24",0,4,4,"per0","first"
"328","RRR","BGB","2020-03-24",0,1,1,"per0","first"
"329","RRR","BGG","2020-03-24",1,1,2,"per0","first"
"330","RRR","GRG","2020-03-24",0,1,1,"per0","first"
"331","RRR","RBB","2020-03-24",0,1,1,"per0","first"
"332","RRR","RBR","2020-03-24",0,6,6,"per0","first"
"333","RRR","RGR","2020-03-24",0,7,7,"per0","first"
"334","BBB","GGG","2020-03-27",1,2,3,"per0","last"
"335","BBB","GRR","2020-03-27",0,2,2,"per0","last"
"336","BBB","RRG","2020-03-27",0,2,2,"per0","last"
"337","BBG","BBB","2020-03-27",0,2,2,"per0","last"
"338","BBG","BGG","2020-03-27",0,1,1,"per0","last"
"339","BBG","BRB","2020-03-27",0,4,4,"per0","last"
"340","BBG","GBG","2020-03-27",0,3,3,"per0","last"
"341","BBG","GGB","2020-03-27",1,10,11,"per0","last"
"342","BBG","GGG","2020-03-27",1,10,11,"per0","last"
"343","BBG","GRG","2020-03-27",0,2,2,"per0","last"
"344","BBG","GRR","2020-03-27",0,1,1,"per0","last"
"345","BBG","RBB","2020-03-27",0,1,1,"per0","last"
"346","BBG","RRR","2020-03-27",0,2,2,"per0","last"
"347","BGB","BBB","2020-03-27",0,2,2,"per0","last"
"348","BGB","RRG","2020-03-27",0,1,1,"per0","last"
"349","BRB","BBB","2020-03-27",0,7,7,"per0","last"
"350","BRB","BRR","2020-03-27",0,2,2,"per0","last"
"351","BRR","BBB","2020-03-27",0,3,3,"per0","last"
"352","BRR","BGB","2020-03-27",0,1,1,"per0","last"
"353","BRR","BGG","2020-03-27",0,1,1,"per0","last"
"354","BRR","BRB","2020-03-27",0,1,1,"per0","last"
"355","BRR","RBB","2020-03-27",0,1,1,"per0","last"
"356","GBB","BBB","2020-03-27",1,9,10,"per0","last"
"357","GBB","BGG","2020-03-27",0,1,1,"per0","last"
"358","GBB","BRB","2020-03-27",1,3,4,"per0","last"
"359","GBB","GGB","2020-03-27",0,13,13,"per0","last"
"360","GBB","GGG","2020-03-27",3,47,50,"per0","last"
"361","GBB","GGR","2020-03-27",0,1,1,"per0","last"
"362","GBB","GRG","2020-03-27",0,1,1,"per0","last"
"363","GBB","GRR","2020-03-27",0,1,1,"per0","last"
"364","GBB","RBB","2020-03-27",0,1,1,"per0","last"
"365","GBB","RGR","2020-03-27",0,1,1,"per0","last"
"366","GBB","RRG","2020-03-27",0,2,2,"per0","last"
"367","GBG","BBB","2020-03-27",0,2,2,"per0","last"
"368","GBG","BBR","2020-03-27",0,1,1,"per0","last"
"369","GBG","BRB","2020-03-27",0,1,1,"per0","last"
"370","GBG","GGG","2020-03-27",0,1,1,"per0","last"
"371","GBG","RBB","2020-03-27",1,0,1,"per0","last"
"372","GBG","RGG","2020-03-27",0,1,1,"per0","last"
"373","GBG","RGR","2020-03-27",0,1,1,"per0","last"
"374","GBG","RRG","2020-03-27",0,1,1,"per0","last"
"375","GGB","BBB","2020-03-27",0,7,7,"per0","last"
"376","GGB","BBR","2020-03-27",0,1,1,"per0","last"
"377","GGB","BGG","2020-03-27",0,1,1,"per0","last"
"378","GGB","BRR","2020-03-27",0,2,2,"per0","last"
"379","GGB","GBB","2020-03-27",0,1,1,"per0","last"
"380","GGB","GGG","2020-03-27",6,20,26,"per0","last"
"381","GGB","GGR","2020-03-27",0,1,1,"per0","last"
"382","GGB","GRR","2020-03-27",0,2,2,"per0","last"
"383","GGB","RBB","2020-03-27",0,1,1,"per0","last"
"384","GGB","RBR","2020-03-27",0,4,4,"per0","last"
"385","GGB","RGG","2020-03-27",0,1,1,"per0","last"
"386","GGB","RGR","2020-03-27",0,1,1,"per0","last"
"387","GGB","RRG","2020-03-27",0,3,3,"per0","last"
"388","GGB","RRR","2020-03-27",0,1,1,"per0","last"
"389","GGG","BBB","2020-03-27",4,22,26,"per0","last"
"390","GGG","BGB","2020-03-27",0,1,1,"per0","last"
"391","GGG","BGG","2020-03-27",1,3,4,"per0","last"
"392","GGG","BRB","2020-03-27",0,2,2,"per0","last"
"393","GGG","BRR","2020-03-27",0,4,4,"per0","last"
"394","GGG","GGB","2020-03-27",1,1,2,"per0","last"
"395","GGG","GGR","2020-03-27",0,4,4,"per0","last"
"396","GGG","GRR","2020-03-27",0,1,1,"per0","last"
"397","GGG","RBB","2020-03-27",0,2,2,"per0","last"
"398","GGG","RBG","2020-03-27",0,3,3,"per0","last"
"399","GGG","RBR","2020-03-27",0,16,16,"per0","last"
"400","GGG","RGG","2020-03-27",0,1,1,"per0","last"
"401","GGG","RGR","2020-03-27",0,5,5,"per0","last"
"402","GGG","RRG","2020-03-27",0,18,18,"per0","last"
"403","GGG","RRR","2020-03-27",0,1,1,"per0","last"
"404","GGR","BBB","2020-03-27",0,1,1,"per0","last"
"405","GRG","BBB","2020-03-27",0,1,1,"per0","last"
"406","GRG","GGG","2020-03-27",0,2,2,"per0","last"
"407","GRG","GGR","2020-03-27",0,1,1,"per0","last"
"408","GRG","RBG","2020-03-27",0,1,1,"per0","last"
"409","GRG","RRG","2020-03-27",0,1,1,"per0","last"
"410","GRR","BGG","2020-03-27",0,1,1,"per0","last"
"411","GRR","BRR","2020-03-27",0,1,1,"per0","last"
"412","RBB","BRB","2020-03-27",0,1,1,"per0","last"
"413","RBG","GRR","2020-03-27",0,3,3,"per0","last"
"414","RBG","RBR","2020-03-27",0,1,1,"per0","last"
"415","RBG","RGR","2020-03-27",0,1,1,"per0","last"
"416","RBR","BBB","2020-03-27",0,6,6,"per0","last"
"417","RBR","BGB","2020-03-27",0,2,2,"per0","last"
"418","RBR","BRB","2020-03-27",1,0,1,"per0","last"
"419","RBR","BRR","2020-03-27",0,1,1,"per0","last"
"420","RBR","GGB","2020-03-27",0,5,5,"per0","last"
"421","RBR","GRR","2020-03-27",0,2,2,"per0","last"
"422","RBR","RBB","2020-03-27",0,1,1,"per0","last"
"423","RBR","RGG","2020-03-27",2,6,8,"per0","last"
"424","RGG","BBB","2020-03-27",0,2,2,"per0","last"
"425","RGG","BBR","2020-03-27",0,1,1,"per0","last"
"426","RGG","BRR","2020-03-27",0,4,4,"per0","last"
"427","RGG","GGR","2020-03-27",0,2,2,"per0","last"
"428","RGG","GRR","2020-03-27",0,7,7,"per0","last"
"429","RGR","BBB","2020-03-27",1,1,2,"per0","last"
"430","RGR","BBR","2020-03-27",1,0,1,"per0","last"
"431","RGR","BGB","2020-03-27",1,3,4,"per0","last"
"432","RGR","BGG","2020-03-27",0,1,1,"per0","last"
"433","RGR","GGB","2020-03-27",0,4,4,"per0","last"
"434","RGR","GGR","2020-03-27",0,1,1,"per0","last"
"435","RGR","RGG","2020-03-27",0,1,1,"per0","last"
"436","RGR","RRG","2020-03-27",0,2,2,"per0","last"
"437","RRG","BBB","2020-03-27",0,15,15,"per0","last"
"438","RRG","BBR","2020-03-27",0,1,1,"per0","last"
"439","RRG","BGB","2020-03-27",1,6,7,"per0","last"
"440","RRG","BRB","2020-03-27",0,13,13,"per0","last"
"441","RRG","BRR","2020-03-27",0,2,2,"per0","last"
"442","RRG","GGG","2020-03-27",0,7,7,"per0","last"
"443","RRG","GGR","2020-03-27",0,1,1,"per0","last"
"444","RRG","GRR","2020-03-27",1,0,1,"per0","last"
"445","RRG","RGG","2020-03-27",0,1,1,"per0","last"
"446","RRG","RGR","2020-03-27",0,1,1,"per0","last"
"447","RRR","BRB","2020-03-27",0,1,1,"per0","last"
"448","RRR","RBR","2020-03-27",0,1,1,"per0","last"
"449","RRR","RGG","2020-03-27",0,1,1,"per0","last"
"450","RRR","RGR","2020-03-27",0,1,1,"per0","last"
"451","RRR","RRG","2020-03-27",1,1,2,"per0","last"
"452","BBB","BRB","2020-03-28",0,1,1,"per0","last"
"453","BBB","RRR","2020-03-28",0,1,1,"per0","last"
"454","BBG","BBB","2020-03-28",1,2,3,"per0","last"
"455","BBG","BRB","2020-03-28",1,2,3,"per0","last"
"456","BBG","GBB","2020-03-28",0,1,1,"per0","last"
"457","BBG","GGB","2020-03-28",1,8,9,"per0","last"
"458","BBG","GGG","2020-03-28",0,7,7,"per0","last"
"459","BBG","GRG","2020-03-28",1,1,2,"per0","last"
"460","BBG","RRG","2020-03-28",1,0,1,"per0","last"
"461","BBG","RRR","2020-03-28",0,1,1,"per0","last"
"462","BGG","BBB","2020-03-28",0,1,1,"per0","last"
"463","BGG","GRG","2020-03-28",0,1,1,"per0","last"
"464","BGG","RBG","2020-03-28",1,1,2,"per0","last"
"465","BGG","RGG","2020-03-28",0,2,2,"per0","last"
"466","BGG","RRR","2020-03-28",1,1,2,"per0","last"
"467","BRB","BBB","2020-03-28",0,2,2,"per0","last"
"468","BRB","BBR","2020-03-28",0,1,1,"per0","last"
"469","BRR","BBB","2020-03-28",0,6,6,"per0","last"
"470","BRR","BGB","2020-03-28",1,0,1,"per0","last"
"471","GBB","BBB","2020-03-28",6,10,16,"per0","last"
"472","GBB","BRB","2020-03-28",0,2,2,"per0","last"
"473","GBB","BRR","2020-03-28",1,2,3,"per0","last"
"474","GBB","GGB","2020-03-28",0,3,3,"per0","last"
"475","GBB","GGG","2020-03-28",2,14,16,"per0","last"
"476","GBB","GGR","2020-03-28",0,2,2,"per0","last"
"477","GBB","GRG","2020-03-28",0,2,2,"per0","last"
"478","GBB","RBB","2020-03-28",0,1,1,"per0","last"
"479","GBB","RBG","2020-03-28",1,4,5,"per0","last"
"480","GBB","RGR","2020-03-28",1,0,1,"per0","last"
"481","GBB","RRR","2020-03-28",1,3,4,"per0","last"
"482","GBG","BRB","2020-03-28",1,1,2,"per0","last"
"483","GBG","GGB","2020-03-28",0,2,2,"per0","last"
"484","GBG","GGG","2020-03-28",3,6,9,"per0","last"
"485","GBG","RRG","2020-03-28",0,1,1,"per0","last"
"486","GGB","BBB","2020-03-28",3,4,7,"per0","last"
"487","GGB","BBR","2020-03-28",1,1,2,"per0","last"
"488","GGB","BGG","2020-03-28",0,1,1,"per0","last"
"489","GGB","BRR","2020-03-28",0,2,2,"per0","last"
"490","GGB","GGG","2020-03-28",6,5,11,"per0","last"
"491","GGB","GGR","2020-03-28",0,1,1,"per0","last"
"492","GGB","RBB","2020-03-28",0,2,2,"per0","last"
"493","GGB","RGG","2020-03-28",1,0,1,"per0","last"
"494","GGB","RRG","2020-03-28",0,2,2,"per0","last"
"495","GGG","BBB","2020-03-28",3,8,11,"per0","last"
"496","GGG","BGB","2020-03-28",0,1,1,"per0","last"
"497","GGG","BGG","2020-03-28",0,3,3,"per0","last"
"498","GGG","BRB","2020-03-28",1,0,1,"per0","last"
"499","GGG","BRR","2020-03-28",0,2,2,"per0","last"
"500","GGG","GGB","2020-03-28",4,0,4,"per0","last"
"501","GGG","GGR","2020-03-28",1,3,4,"per0","last"
"502","GGG","GRR","2020-03-28",0,1,1,"per0","last"
"503","GGG","RBB","2020-03-28",0,2,2,"per0","last"
"504","GGG","RBG","2020-03-28",0,2,2,"per0","last"
"505","GGG","RBR","2020-03-28",0,3,3,"per0","last"
"506","GGG","RGG","2020-03-28",0,2,2,"per0","last"
"507","GGG","RGR","2020-03-28",0,5,5,"per0","last"
"508","GGG","RRG","2020-03-28",1,3,4,"per0","last"
"509","GGG","RRR","2020-03-28",0,1,1,"per0","last"
"510","GGR","BBR","2020-03-28",0,1,1,"per0","last"
"511","GGR","BGG","2020-03-28",0,1,1,"per0","last"
"512","GGR","GRR","2020-03-28",1,0,1,"per0","last"
"513","GGR","RBB","2020-03-28",0,2,2,"per0","last"
"514","GRG","BBB","2020-03-28",1,3,4,"per0","last"
"515","GRG","BGG","2020-03-28",0,1,1,"per0","last"
"516","GRG","BRR","2020-03-28",0,1,1,"per0","last"
"517","GRG","GBG","2020-03-28",0,1,1,"per0","last"
"518","GRG","GGB","2020-03-28",0,4,4,"per0","last"
"519","GRG","GGG","2020-03-28",0,3,3,"per0","last"
"520","GRG","GGR","2020-03-28",0,2,2,"per0","last"
"521","GRG","GRR","2020-03-28",0,1,1,"per0","last"
"522","GRG","RGR","2020-03-28",1,0,1,"per0","last"
"523","GRR","BRR","2020-03-28",0,1,1,"per0","last"
"524","GRR","GGG","2020-03-28",0,1,1,"per0","last"
"525","RBB","BBB","2020-03-28",0,1,1,"per0","last"
"526","RBG","BBB","2020-03-28",0,4,4,"per0","last"
"527","RBG","BBG","2020-03-28",0,1,1,"per0","last"
"528","RBG","RBB","2020-03-28",1,1,2,"per0","last"
"529","RBR","BBB","2020-03-28",0,4,4,"per0","last"
"530","RBR","BBR","2020-03-28",0,1,1,"per0","last"
"531","RBR","BGB","2020-03-28",1,1,2,"per0","last"
"532","RBR","BGG","2020-03-28",0,1,1,"per0","last"
"533","RBR","GGB","2020-03-28",0,2,2,"per0","last"
"534","RBR","GRR","2020-03-28",2,0,2,"per0","last"
"535","RBR","RBB","2020-03-28",0,1,1,"per0","last"
"536","RBR","RGG","2020-03-28",0,1,1,"per0","last"
"537","RBR","RGR","2020-03-28",1,0,1,"per0","last"
"538","RGG","BBB","2020-03-28",0,3,3,"per0","last"
"539","RGG","BBR","2020-03-28",0,1,1,"per0","last"
"540","RGG","BGB","2020-03-28",0,1,1,"per0","last"
"541","RGG","GGG","2020-03-28",0,1,1,"per0","last"
"542","RGG","GGR","2020-03-28",0,1,1,"per0","last"
"543","RGG","GRR","2020-03-28",0,1,1,"per0","last"
"544","RGR","BBB","2020-03-28",0,1,1,"per0","last"
"545","RGR","BBR","2020-03-28",0,1,1,"per0","last"
"546","RGR","BGB","2020-03-28",0,2,2,"per0","last"
"547","RGR","BGG","2020-03-28",2,1,3,"per0","last"
"548","RGR","BRR","2020-03-28",0,3,3,"per0","last"
"549","RGR","GGB","2020-03-28",0,2,2,"per0","last"
"550","RGR","RBB","2020-03-28",0,3,3,"per0","last"
"551","RGR","RGG","2020-03-28",1,0,1,"per0","last"
"552","RRG","BBB","2020-03-28",1,5,6,"per0","last"
"553","RRG","BBR","2020-03-28",0,1,1,"per0","last"
"554","RRG","BGB","2020-03-28",0,2,2,"per0","last"
"555","RRG","BRB","2020-03-28",1,9,10,"per0","last"
"556","RRG","BRR","2020-03-28",1,4,5,"per0","last"
"557","RRG","GGR","2020-03-28",0,1,1,"per0","last"
"558","RRG","GRR","2020-03-28",1,1,2,"per0","last"
"559","RRG","RBB","2020-03-28",0,1,1,"per0","last"
"560","RRR","BGB","2020-03-28",2,1,3,"per0","last"
"561","RRR","BGG","2020-03-28",1,0,1,"per0","last"
"562","RRR","BRB","2020-03-28",1,0,1,"per0","last"
"563","RRR","BRR","2020-03-28",1,0,1,"per0","last"
"564","RRR","GRR","2020-03-28",0,1,1,"per0","last"
"565","RRR","RGR","2020-03-28",1,0,1,"per0","last"
"566","RRR","RRG","2020-03-28",1,1,2,"per0","last"
"567","BBB","RBG","2020-03-29",0,1,1,"per0","last"
"568","BBB","RRG","2020-03-29",1,1,2,"per0","last"
"569","BBB","RRR","2020-03-29",0,1,1,"per0","last"
"570","BBG","BGB","2020-03-29",0,1,1,"per0","last"
"571","BBG","BRB","2020-03-29",0,10,10,"per0","last"
"572","BBG","GBG","2020-03-29",2,4,6,"per0","last"
"573","BBG","GGB","2020-03-29",0,7,7,"per0","last"
"574","BBG","GGG","2020-03-29",3,21,24,"per0","last"
"575","BBG","GRG","2020-03-29",0,6,6,"per0","last"
"576","BBG","RBG","2020-03-29",0,4,4,"per0","last"
"577","BBG","RBR","2020-03-29",0,1,1,"per0","last"
"578","BBG","RGR","2020-03-29",0,1,1,"per0","last"
"579","BBG","RRG","2020-03-29",0,2,2,"per0","last"
"580","BBG","RRR","2020-03-29",0,4,4,"per0","last"
"581","BGG","BBB","2020-03-29",0,2,2,"per0","last"
"582","BGG","BBR","2020-03-29",0,1,1,"per0","last"
"583","BGG","RGG","2020-03-29",0,1,1,"per0","last"
"584","BGG","RGR","2020-03-29",0,1,1,"per0","last"
"585","BRB","BBB","2020-03-29",0,4,4,"per0","last"
"586","BRB","BRR","2020-03-29",0,1,1,"per0","last"
"587","BRB","GGG","2020-03-29",0,1,1,"per0","last"
"588","BRB","GGR","2020-03-29",0,1,1,"per0","last"
"589","BRB","RBB","2020-03-29",0,1,1,"per0","last"
"590","BRB","RBG","2020-03-29",0,1,1,"per0","last"
"591","BRB","RGR","2020-03-29",0,1,1,"per0","last"
"592","BRB","RRR","2020-03-29",0,1,1,"per0","last"
"593","BRR","BBB","2020-03-29",0,2,2,"per0","last"
"594","BRR","RBB","2020-03-29",0,1,1,"per0","last"
"595","GBB","BBB","2020-03-29",5,19,24,"per0","last"
"596","GBB","BRB","2020-03-29",0,4,4,"per0","last"
"597","GBB","BRR","2020-03-29",0,1,1,"per0","last"
"598","GBB","GBG","2020-03-29",0,4,4,"per0","last"
"599","GBB","GGB","2020-03-29",0,5,5,"per0","last"
"600","GBB","GGG","2020-03-29",2,25,27,"per0","last"
"601","GBB","GGR","2020-03-29",1,0,1,"per0","last"
"602","GBB","GRG","2020-03-29",0,3,3,"per0","last"
"603","GBB","RBG","2020-03-29",2,5,7,"per0","last"
"604","GBB","RBR","2020-03-29",1,0,1,"per0","last"
"605","GBB","RGG","2020-03-29",1,0,1,"per0","last"
"606","GBB","RGR","2020-03-29",1,0,1,"per0","last"
"607","GBB","RRR","2020-03-29",0,6,6,"per0","last"
"608","GBG","BBB","2020-03-29",0,3,3,"per0","last"
"609","GBG","BRB","2020-03-29",0,2,2,"per0","last"
"610","GBG","BRR","2020-03-29",1,0,1,"per0","last"
"611","GBG","GGB","2020-03-29",0,2,2,"per0","last"
"612","GBG","GGG","2020-03-29",1,4,5,"per0","last"
"613","GBG","RBG","2020-03-29",0,1,1,"per0","last"
"614","GBG","RGR","2020-03-29",1,2,3,"per0","last"
"615","GBG","RRG","2020-03-29",1,1,2,"per0","last"
"616","GGB","BBB","2020-03-29",0,5,5,"per0","last"
"617","GGB","BBR","2020-03-29",0,2,2,"per0","last"
"618","GGB","BGB","2020-03-29",0,3,3,"per0","last"
"619","GGB","BGG","2020-03-29",0,2,2,"per0","last"
"620","GGB","BRB","2020-03-29",0,1,1,"per0","last"
"621","GGB","BRR","2020-03-29",1,11,12,"per0","last"
"622","GGB","GBG","2020-03-29",1,0,1,"per0","last"
"623","GGB","GGG","2020-03-29",1,23,24,"per0","last"
"624","GGB","GGR","2020-03-29",0,5,5,"per0","last"
"625","GGB","GRR","2020-03-29",0,2,2,"per0","last"
"626","GGB","RBB","2020-03-29",0,2,2,"per0","last"
"627","GGB","RBG","2020-03-29",0,4,4,"per0","last"
"628","GGB","RBR","2020-03-29",0,1,1,"per0","last"
"629","GGB","RGG","2020-03-29",0,4,4,"per0","last"
"630","GGB","RGR","2020-03-29",0,1,1,"per0","last"
"631","GGB","RRG","2020-03-29",1,0,1,"per0","last"
"632","GGB","RRR","2020-03-29",1,4,5,"per0","last"
"633","GGG","BBB","2020-03-29",1,1,2,"per0","last"
"634","GGG","BGG","2020-03-29",0,1,1,"per0","last"
"635","GGG","BRB","2020-03-29",0,1,1,"per0","last"
"636","GGG","GGR","2020-03-29",0,2,2,"per0","last"
"637","GGG","RBB","2020-03-29",1,4,5,"per0","last"
"638","GGG","RBG","2020-03-29",0,1,1,"per0","last"
"639","GGG","RBR","2020-03-29",0,2,2,"per0","last"
"640","GGG","RGR","2020-03-29",1,2,3,"per0","last"
"641","GGG","RRG","2020-03-29",0,2,2,"per0","last"
"642","GGG","RRR","2020-03-29",0,1,1,"per0","last"
"643","GGR","BBB","2020-03-29",0,1,1,"per0","last"
"644","GGR","BBR","2020-03-29",0,1,1,"per0","last"
"645","GGR","BRR","2020-03-29",1,0,1,"per0","last"
"646","GRG","BBB","2020-03-29",2,4,6,"per0","last"
"647","GRG","BBR","2020-03-29",0,1,1,"per0","last"
"648","GRG","BRB","2020-03-29",0,3,3,"per0","last"
"649","GRG","GGB","2020-03-29",2,11,13,"per0","last"
"650","GRG","GGG","2020-03-29",3,7,10,"per0","last"
"651","GRG","GGR","2020-03-29",0,2,2,"per0","last"
"652","GRG","RBR","2020-03-29",0,1,1,"per0","last"
"653","GRG","RGR","2020-03-29",0,2,2,"per0","last"
"654","GRG","RRG","2020-03-29",2,3,5,"per0","last"
"655","GRR","BBB","2020-03-29",0,1,1,"per0","last"
"656","GRR","BBR","2020-03-29",0,1,1,"per0","last"
"657","GRR","BGB","2020-03-29",1,2,3,"per0","last"
"658","GRR","BGG","2020-03-29",0,1,1,"per0","last"
"659","GRR","BRB","2020-03-29",0,1,1,"per0","last"
"660","GRR","GGR","2020-03-29",0,1,1,"per0","last"
"661","RBB","BBR","2020-03-29",0,1,1,"per0","last"
"662","RBB","GRR","2020-03-29",0,1,1,"per0","last"
"663","RBB","RGG","2020-03-29",0,1,1,"per0","last"
"664","RBG","BBB","2020-03-29",2,4,6,"per0","last"
"665","RBG","BRR","2020-03-29",0,1,1,"per0","last"
"666","RBG","GBB","2020-03-29",0,1,1,"per0","last"
"667","RBR","BBB","2020-03-29",0,3,3,"per0","last"
"668","RBR","BGB","2020-03-29",1,1,2,"per0","last"
"669","RBR","BGG","2020-03-29",0,1,1,"per0","last"
"670","RBR","BRR","2020-03-29",1,3,4,"per0","last"
"671","RBR","GGB","2020-03-29",0,5,5,"per0","last"
"672","RBR","GRR","2020-03-29",2,2,4,"per0","last"
"673","RBR","RBB","2020-03-29",0,1,1,"per0","last"
"674","RBR","RGG","2020-03-29",0,2,2,"per0","last"
"675","RBR","RRR","2020-03-29",0,1,1,"per0","last"
"676","RGG","BBB","2020-03-29",0,3,3,"per0","last"
"677","RGG","BBR","2020-03-29",1,0,1,"per0","last"
"678","RGG","RBB","2020-03-29",0,1,1,"per0","last"
"679","RGR","BBB","2020-03-29",1,3,4,"per0","last"
"680","RGR","BGB","2020-03-29",1,0,1,"per0","last"
"681","RGR","BRR","2020-03-29",1,2,3,"per0","last"
"682","RGR","GGB","2020-03-29",2,6,8,"per0","last"
"683","RGR","GGG","2020-03-29",0,2,2,"per0","last"
"684","RGR","GGR","2020-03-29",0,3,3,"per0","last"
"685","RGR","RBB","2020-03-29",0,1,1,"per0","last"
"686","RGR","RRG","2020-03-29",0,1,1,"per0","last"
"687","RRG","BBB","2020-03-29",1,13,14,"per0","last"
"688","RRG","BBR","2020-03-29",0,3,3,"per0","last"
"689","RRG","BGB","2020-03-29",0,2,2,"per0","last"
"690","RRG","BGG","2020-03-29",0,2,2,"per0","last"
"691","RRG","BRB","2020-03-29",1,18,19,"per0","last"
"692","RRG","BRR","2020-03-29",0,10,10,"per0","last"
"693","RRG","GGG","2020-03-29",2,7,9,"per0","last"
"694","RRG","GGR","2020-03-29",0,3,3,"per0","last"
"695","RRG","GRG","2020-03-29",1,0,1,"per0","last"
"696","RRG","GRR","2020-03-29",1,7,8,"per0","last"
"697","RRG","RBB","2020-03-29",1,0,1,"per0","last"
"698","RRR","BBR","2020-03-29",1,0,1,"per0","last"
"699","RRR","BRR","2020-03-29",0,1,1,"per0","last"
"700","RRR","GGR","2020-03-29",0,1,1,"per0","last"
"701","RRR","GRR","2020-03-29",0,2,2,"per0","last"
"702","RRR","RBB","2020-03-29",1,2,3,"per0","last"
"703","RRR","RBR","2020-03-29",0,1,1,"per0","last"
"704","RRR","RGR","2020-03-29",0,1,1,"per0","last"
